{
  "feature_names": [
    "url_length",
    "domain_length",
    "path_length",
    "query_length",
    "tld_length",
    "num_dots",
    "num_hyphens",
    "num_underscores",
    "num_digits",
    "num_special_chars",
    "num_subdomains",
    "num_params",
    "path_depth",
    "num_phishing_keywords",
    "digit_ratio",
    "letter_ratio",
    "special_char_ratio",
    "domain_entropy",
    "path_entropy",
    "url_entropy",
    "is_https",
    "has_ip",
    "has_at_symbol",
    "has_double_slash_redirect",
    "has_port",
    "has_encoded_chars",
    "uncommon_tld",
    "has_punycode"
  ],
  "feature_importances": {
    "url_length": 0.138327173363241,
    "domain_length": 0.05651949907154201,
    "path_length": 0.2736227991673658,
    "query_length": 1.0903426791277252e-05,
    "tld_length": 0.008670162410006461,
    "num_dots": 0.01890908430090872,
    "num_hyphens": 0.08443220310191245,
    "num_underscores": 0.0,
    "num_digits": 0.021390199560108264,
    "num_special_chars": 0.0,
    "num_subdomains": 0.018649991827164022,
    "num_params": 0.00010415621260502143,
    "path_depth": 0.034626834569396914,
    "num_phishing_keywords": 0.002208637351281593,
    "digit_ratio": 0.016645070563811867,
    "letter_ratio": 0.024816276240206266,
    "special_char_ratio": 0.0,
    "domain_entropy": 0.06137954093402036,
    "path_entropy": 0.042333355801079824,
    "url_entropy": 0.04351040074433654,
    "is_https": 0.041433725149569244,
    "has_ip": 1.5609627363330757e-06,
    "has_at_symbol": 0.0,
    "has_double_slash_redirect": 0.0,
    "has_port": 0.0,
    "has_encoded_chars": 0.0,
    "uncommon_tld": 0.11240842524191592,
    "has_punycode": 0.0
  },
  "n_estimators": 200,
  "roc_auc": 1.0,
  "training_samples": 700
}